COD_CIR,Origen,Destino,Nom_orig,Nom_Des,Km,Res,Reac,tension,proy,q3,max
LNX-113,SICN206,SICN210,Piura 500 kV,Nueva Parias 500 kV,105.21,0.021705,0.347115,500,0,0.061800178,0.143171828
LNX-112,SICN105,SICN206,La Nia 500 kV,Piura 500 kV,79.13,0.021,0.3289,500,0,0.052462086,0.15928811
LNX-044,SICN100,SICN105,Trujillo 500 kV,La Nia 500 kV,327,0.0239,0.3172,500,0,0.125225339,0.473622399
LNX-041,SICN-99,SICN100,Chimbote 500 kV,Trujillo 500 kV,146.66,0.021,0.312528,500,0,0.3008537,0.699445908
LNX-040,SICN-82,SICN-99,Carabayllo 500 kV,Chimbote 500 kV,384.66,0.021,0.31282,500,0,0.458148142,1.015879213
LNX-079,SICN201,SICN-82,Carapongo 500 kV,Carabayllo 500 kV,27.33,0.030626,0.320002,500,0,0.243857102,0.449696034
LNX-077,SICN-81,SICN201,Chilca 500 kV,Carapongo 500 kV,63.3,0.037835,0.342961,500,0,0.429944363,0.757196791
LNX-107,SICN202,SICN-82,Planicie 500 kV,Carabayllo 500 kV,39.4,0.02783,0.35164,500,0,0.136925537,0.309079622
LNX-106,SICN-81,SICN202,Chilca 500 kV,Planicie 500 kV,49.6,0.027841,0.351642,500,0,0.54658982,0.823585489
LNX-178,SICN-81,SICN-82,Chilca 500 kV,Carabayllo 500 kV,89.8,0.018283,0.33085,500,0,0.310908947,0.509481433
LNX-206,SICN281,SICN-81,Fenix 500 kV,Chilca 500 kV,7.98,0.03,0.318,500,0,0.901525016,0.901525017
LNX-207,SICN381,SICN-81,Olleros 500 kV,Chilca 500 kV,1.948,0.035,0.313,500,0,0.507855883,0.507855883
LNX-42A,SICN-81,SICN207,Chilca 500 kV,Independencia 500 kV,173,0.0257,0.3515,500,0,0.259683026,0.98700608
LNX-42B,SICN207,SICN101,Independencia 500 kV,Poroma 500 kV,193.2,0.0257,0.3515,500,0,0.474707041,1.629617437
LNX-269,SICN-81,SICN207,Chilca 500 kV,Independencia 500 kV,174,0.0209,0.125287,500,0,0.425620733,1.617703927
LNX-270,SICN207,SICN301,Independencia 500 kV,Colectora 500 kV,110,0.0209,0.135636,500,0,0.415024847,1.876484697
LNXb42B,SICN301,SICN101,Colectora 500 kV,Poroma 500 kV,93.7,0.0214,0.3319,500,0,0.453866176,1.276509951
LNX-43A,SICN101,SIS-56,Poroma 500 kV,Ocoa 500 kV,271,0.0256,0.126712,500,0,0.999999999,2.501406449
LNX-43C,SIS-56,SIS-51,Ocoa 500 kV,San Jose 500 kV,138,0.0262,0.126915,500,0,0.974672943,2.056590938
LNX-252,SIS-51,SIS153,San Jose 500 kV,Hub San Jose 500 kV,4.38,0.018945,0.32799,500,0,0.130039684,0.362723342
LNX-253,SIS-51,SIS153,San Jose 500 kV,Hub San Jose 500 kV,4.38,0.018945,0.32799,500,0,0.130039684,0.362723342
LNX-43B,SIS-51,SIS-41,San Jose 500 kV,Montalvo 500 kV,117,0.0262,0.126915,500,0,0.502946181,0.922978912
LNX-081,SIS-48,SIS-41,Yarabamba 500 kV,Montalvo 500 kV,97.7,0.024,0.334,500,0,0.152179885,0.492670052
LNX-069,SICN101,SIS-48,Poroma 500 kV,Yarabamba 500 kV,454.4,0.0222,0.153462,500,0,0.418589437,0.895204486
LNX-047,SICN103,SICN101,Colcabamba 500 kV,Poroma 500 kV,360.1,0.0222,0.3416,500,0,0.219472911,0.644157958
LNX-088,SICN103,SICN204,Colcabamba 500 kV,Yanango 500 kV,167.09,0.019,0.170148,500,0,0.400964976,0.838847105
LNX-089,SICN204,SICN201,Yanango 500 kV,Carapongo 500 kV,210.61,0.018,0.171043,500,0,0.300510653,0.791871154
LNX-115,SICN204,SICN211,Yanango 500 kV,Huanuco 500 kV,190.76,0.0191,0.3372,500,0,0.211919187,0.497750009
LNX-122,SICN211,SICN214,Huanuco 500 kV,Tocache 500 kV,188.948,0.021,0.16315,500,0,0.280457097,0.555079774
LNX-123,SICN214,SICN216,Tocache 500 kV,Celendin 500 kV,324.967,0.0206,0.1647,500,0,0.280457097,0.555079774
LNX-125,SICN216,SICN100,Celendin 500 kV,Trujillo 500 kV,172.5,0.0208,0.3266,500,0,0.08201034,0.208962199
LNX-130,SICN216,SICN206,Celendin 500 kV,Piura 500 kV,382.096,0.021,0.1635,500,0,0.151098335,0.325644815
LNX-147,SIS-51,SIS-48,San Jose 500 kV,Yarabamba 500 kV,50.86,0.0212,0.3292,500,0,0.327962944,0.782435066
TNE-073,SICN210,SICN230,Nueva Parias 500 kV,Nueva Parias 220 kV,1,0.415022,55.765121,500,0,0.115360331,0.267254078
TNE-043,SICN206,SICN306,Piura 500 kV,Piura Este 220 kV,1,0.536532,53.763987,500,0,0.226235237,0.420483341
TNE-033,SICN105,SICN-98,La Nia 500 kV,La Nia 220 kV,1,0.743819,66.704187,500,0,0.168954162,0.677931157
TNE-030,SICN100,SICN054,Trujillo 500 kV,Trujillo Nueva 220 kV,1,0.415022,55.765121,500,0,0.281173198,0.43203895
TNE-029,SICN-99,SICN-15,Chimbote 500 kV,Chimbote 220 kV,1,0.415022,55.765121,500,0,0.161917577,0.304840246
TNE-023,SICN-82,SICN158,Carabayllo 500 kV,Carabayllo 220 kV,1,0.501479,67.873151,500,0,0.641965716,0.978751254
TNE-b23,SICN-82,SICN158,Carabayllo 500 kV,Carabayllo 220 kV,1,0.501479,67.873151,500,0,0.641965716,0.978751254
TNE-038,SICN201,SICN046,Carapongo 500 kV,Carapongo 220 kV,1,0.469739,54.231301,500,0,0.792512074,1.216807906
TNE-040,SICN202,SICN-84,Planicie 500 kV,Planicie 220 kV,1,0.703285,67.32966,500,0,1,1.469163432
TNE-022,SICN-81,SICN106,Chilca 500 kV,Chilca CTM 220 kV,1,0.495799,67.664849,500,0,0.781064171,0.957382807
TNE-025,SICN-81,SICN106,Chilca 500 kV,Chilca CTM 220 kV,1,0.698167,68.663115,500,0,0.769670337,0.94341691
TNE-425,SICN207,SICN-26,Independencia 500 kV,Independencia 220 kV,1,0.320947,54.299055,500,0,0.40811391,1.115165311
TNE-325,SICN301,SICN302,Colectora 500 kV,Colectora 220 kV,1,0.469739,54.231301,500,0,0.208827255,0.719624207
TNE-326,SICN301,SICN302,Colectora 500 kV,Colectora 220 kV,1,0.469739,54.231299,500,0,0.208827262,0.719624233
TNE-031,SICN101,SICN029,Poroma 500 kV,Poroma 220 kV,1,1.003704,81.104903,500,0,0.21194207,0.493200606
TSE-042,SICN101,SICN029,Poroma 500 kV,Poroma 220 kV,1,0.155556,48.599751,500,0,0.21224797,0.493912451
TSE-110,SICN101,SICN029,Poroma 500 kV,Poroma 220 kV,1,0.057398,53.366637,500,0,0.19329103,0.449798632
TNE-036,SIS-51,SIS-52,San Jose 500 kV,San Jose 220 kV,1,0.74397,70.537745,500,0,0.507466352,1.37470181
TNE-B36,SIS-51,SIS-52,San Jose 500 kV,San Jose 220 kV,1,0.747648,69.954342,500,0,0.511696977,1.386162368
TNE-610,SIS153,SIS154,Hub San Jose 500 kV,Hub San Jose 220 kV,1,0.478495,55.764612,500,0,0.485481486,1.354167145
TNE-032,SIS-41,SIS-35,Montalvo 500 kV,Montalvo 220 kV,1,0.686667,56.329147,500,0,0.462425949,0.840166353
TNE-132,SIS-41,SIS-35,Montalvo 500 kV,Montalvo 220 kV,1,0.602667,56.663462,500,0,0.459713939,0.835238993
TNE-037,SIS-48,SIS148,Yarabamba 500 kV,Yarabamba 220 kV,1,0.465778,53.997994,500,0,0.642426508,1.085386866
TNE-024,SICN103,SICN-04,Colcabamba 500 kV,Colcabamba 220 kV,1,0.461333,53.998032,500,0,0.655492116,0.836905024
TNE-087,SICN204,SICN185,Yanango 500 kV,Yanango Nueva 220 kV,1,0.160267,53.733097,500,0,0.254748185,0.50446879
TNE-045,SICN211,SICN212,Huanuco 500 kV,Huanuco 220 kV,1,0.160267,53.733097,500,0,0.337700061,1.053684423
TNE-047,SICN216,SICN217,Celendin 500 kV,Celendin 220 kV,1,0.415022,55.765121,500,0,0.228826259,0.471321966
LNE-a93,SICN-65,SICN165,Zorritos 220 kV,Tumbes 220 kV,42.95,0.054692,0.485358,220,0,0.021766649,0.103980462
LNE-091,SICN-51,SICN-65,Talara 220 kV,Zorritos 220 kV,137,0.0648,0.4999,220,0,0.263430001,0.310967831
LNE-142,SICN051,SICN165,Parias 220 kV,Tumbes 220 kV,161.93,0.066991,0.503928,220,0,0.149652694,0.174216165
LNE-243,SICN230,SICN051,Nueva Parias 220 kV,Parias 220 kV,4.25,0.025585,0.352939,220,0,0.057680166,0.133627039
LNE-244,SICN230,SICN051,Nueva Parias 220 kV,Parias 220 kV,4.25,0.025585,0.352939,220,0,0.057680166,0.133627039
LNE-242,SICN052,SICN051,La Brea 220 kV,Parias 220 kV,14.1,0.0618,0.4938,220,0,0.274663795,0.280753025
LNE-342,SICN052,SICN051,La Brea 220 kV,Parias 220 kV,14.1,0.0618,0.4938,220,0,0.274663795,0.280753025
LNE-442,SICN053,SICN051,Campana 220 kV,Parias 220 kV,1.34,0.062,0.494,220,0,0.049373004,0.057123092
LNE-001,SICN-51,SICN-42,Talara 220 kV,Piura Oeste 220 kV,103.71,0.0582,0.5089,220,0,0.132012795,0.390030496
LNE-130,SICN-51,SICN051,Talara 220 kV,Parias 220 kV,11,0.0711,0.4999,220,0,0.371022848,0.78279543
LNEb131,SICN051,SICN142,Parias 220 kV,Chira 220 kV,62.62,0.0711,0.4999,220,0,0.15137865,0.322982517
LNEa131,SICN142,SICN-42,Chira 220 kV,Piura Oeste 220 kV,32.99,0.0711,0.4999,220,0,0.197683248,0.369465092
LNEa106,SICN-42,SICN306,Piura Oeste 220 kV,Piura Este 220 kV,22.8,0.056921,0.43394,220,0,0.220752847,0.38023941
LNEb106,SICN306,SICN-98,Piura Este 220 kV,La Nia 220 kV,85.81,0.078753,0.497065,220,0,0.31204153,0.810840846
LNE-206,SICN306,SICN253,Piura Este 220 kV,Colan 220 kV,74,0.062104,0.483567,220,0,0.035157978,0.051408649
LNE-207,SICN306,SICN253,Piura Este 220 kV,Colan 220 kV,74,0.062104,0.483567,220,0,0.035157978,0.051408649
LNE-536,SICN306,SICN600,Piura Este 220 kV,Huangala 220 kV,38.02,0.0706,0.497,220,0,0.078435782,0.106490006
LNE-537,SICN306,SICN600,Piura Este 220 kV,Huangala 220 kV,38.02,0.0706,0.497,220,0,0.078435782,0.106490006
LNE-538,SICN306,SICN601,Piura Este 220 kV,Cruz Verde 220 kV,54.47,0.0706,0.497,220,0,0.054560103,0.072452587
LNE-539,SICN306,SICN601,Piura Este 220 kV,Cruz Verde 220 kV,54.47,0.0706,0.497,220,0,0.054560103,0.072452587
LNEc107,SICN-98,SICN123,La Nia 220 kV,Felam 220 kV,56,0.078073,0.506733,220,0,0.153406762,0.666712451
LNEd107,SICN123,SICN-67,Felam 220 kV,Lambayeque Oeste 220 kV,49.7,0.078073,0.506733,220,0,0.222331183,0.764778145
LNEb107,SICN-67,SICN-14,Lambayeque Oeste 220 kV,Chiclayo 220 kV,16.6,0.078073,0.506733,220,0,0.21992284,0.756493892
LNEe110,SICN-42,SICN306,Piura Oeste 220 kV,Piura Este 220 kV,22.8,0.056921,0.43394,220,0,0.220752847,0.38023941
LNEf110,SICN306,SICN-98,Piura Este 220 kV,La Nia 220 kV,85.81,0.078753,0.497065,220,0,0.31204153,0.810840846
LNEd110,SICN-98,SICN123,La Nia 220 kV,Felam 220 kV,55.69,0.0783,0.5058,220,0,0.154511084,0.671511883
LNEg110,SICN123,SICN-67,Felam 220 kV,Lambayeque Oeste 220 kV,50.8,0.078327,0.506117,220,0,0.217736385,0.748972891
LNEh110,SICN-67,SICN-14,Lambayeque Oeste 220 kV,Chiclayo 220 kV,16.6,0.078327,0.506117,220,0,0.220144728,0.757257144
LNE-210,SICN123,SICN323,Felam 220 kV,Tierras Nuevas 220 kV,28.1502,0.0862,0.4906,220,0,0.108189874,0.147634837
LNE-540,SICN123,SICN323,Felam 220 kV,Tierras Nuevas 220 kV,28.1,0.063243,0.509635,220,0,0.076265867,0.104071652
LN-004A,SICN-14,SICN108,Chiclayo 220 kV,Reque 220 kV,13.772,0.0786,0.4425,220,0,0.272424346,1.00183861
LN-111A,SICN-14,SICN108,Chiclayo 220 kV,Reque 220 kV,13.772,0.0786,0.4425,220,0,0.230047226,0.845997048
LN-004B,SICN108,SICN-17,Reque 220 kV,Guadalupe 220 kV,72.559,0.0786,0.4425,220,0,0.249396951,0.87738848
LN-111B,SICN108,SICN-17,Reque 220 kV,Guadalupe 220 kV,72.559,0.0786,0.4425,220,0,0.210601869,0.740905828
LNX-144,SICN108,SICN-108,Reque 220 kV,Nueva Carhuaquero 220 kV,86.08,0.080161,0.488679,220,0,0.135272818,0.315820901
LNE-A03,SICN-14,SICN-108,Chiclayo 220 kV,Nueva Carhuaquero 220 kV,81.498,0.09,0.49,220,0,0.314914667,0.791946659
LNE-B03,SICN-108,SICN-11,Nueva Carhuaquero 220 kV,Carhuaquero 220 kV,1.592,0.09,0.49,220,0,0.749998798,0.940444734
LNE-005,SICN-54,SICN-17,Trujillo 220 kV,Guadalupe 220 kV,103.35,0.0931,0.5325,220,0,0.240525291,0.878735092
LNE-112,SICN-54,SICN-17,Trujillo 220 kV,Guadalupe 220 kV,103.35,0.078,0.4982,220,0,0.218377076,0.797818805
LNE-212,SICN-218,SICN-17,Cupisnique 220 kV,Guadalupe 220 kV,27.87,0.0615,0.4944,220,0,0.13334085,0.156706384
LNE-121,SICN-54,SICN054,Trujillo 220 kV,Trujillo Nueva 220 kV,4,0.03,0.279,220,0,0.281173198,0.43203895
LNE-122,SICN-54,SICN054,Trujillo 220 kV,Trujillo Nueva 220 kV,4,0.03,0.279,220,0,0.281173198,0.43203895
LNX-022,SICN-54,SICN-78,Trujillo 220 kV,Cajamarca 220 kV,137,0.0564,0.5015,220,0,0.170870046,0.454760894
LNE-320,SICN-108,SICN-78,Nueva Carhuaquero 220 kV,Cajamarca 220 kV,97.66,0.042194,0.382466,220,0,0.246642098,0.775726099
LNEa115,SICN-78,SICN217,Cajamarca 220 kV,Celendin 220 kV,59.72,0.0428,0.3681,220,0,0.579655546,1.416874278
LNEb115,SICN217,SICN109,Celendin 220 kV,Caclic 220 kV,108.56,0.0428,0.3681,220,0,0.693210946,2.167080306
LNE-116,SICN109,SICN110,Caclic 220 kV,Moyobamba 220 kV,110.17,0.054,0.49,220,0,0.579235891,2.225143837
LNX-153,SICN109,SICN-101,Caclic 220 kV,Bagua 220 kV,141.5,0.0646,0.4952,220,0,0.040784067,0.062651698
LNX-154,SICN109,SICN-101,Caclic 220 kV,Bagua 220 kV,141.5,0.0646,0.4952,220,0,0.040784067,0.062651698
LNX-149,SICN110,SICN143,Moyobamba 220 kV,Tarapoto 220 kV,87,0.0554,0.4944,220,0,0.144307437,0.384037612
LNX-049,SICN110,SICN143,Moyobamba 220 kV,Tarapoto 220 kV,87,0.0554,0.4944,220,0,0.144307437,0.384037612
LNX-021,SICN-78,SICN-77,Cajamarca 220 kV,Cerro Corona 220 kV,33.7,0.0693,0.4957,220,0,0.059805024,0.070699055
LNE-548,SICN-15,SICN131,Chimbote 220 kV,Moche 220 kV,110.01,0.0577,0.4829,220,0,0.322644231,0.65002773
LNE-549,SICN131,SICN-54,Moche 220 kV,Trujillo 220 kV,23.12,0.0577,0.4829,220,0,0.181847774,0.428804752
LNEa007,SICN-15,SICN154,Chimbote 220 kV,Viru 220 kV,76.3,0.067,0.48,220,0,0.334851192,0.66329424
LNE-546,SICN131,SICN-54,Moche 220 kV,Trujillo 220 kV,23.12,0.067,0.48,220,0,0.18201213,0.429192312
LNE-547,SICN154,SICN131,Viru 220 kV,Moche 220 kV,37.165,0.067,0.48,220,0,0.268222767,0.564101481
LNE-008,SICN-41,SICN-15,Paramonga 220 kV,Chimbote 220 kV,221.17,0.09,0.48,220,0,0.133160932,0.313944345
LNXa002,SICN-41,SICN041,Paramonga 220 kV,Huarmey 220 kV,84.36,0.09,0.48,220,0,0.146167154,0.339059562
LNXb002,SICN041,SICN-15,Huarmey 220 kV,Chimbote 220 kV,136.81,0.08998,0.48,220,0,0.128248656,0.308123747
LNX-033,SICN-80,SICN-41,Conococha 220 kV,Paramonga 220 kV,92.46,0.0575,0.505,220,0,0.352264523,0.889482361
LNX-c23,SICN-78,SICN11Y,Cajamarca 220 kV,Pampa Honda 220 kV,87.85,0.0452,0.3917,220,0,0.209612088,0.423448381
LNX-c24,SICN-78,SICN11Y,Cajamarca 220 kV,Pampa Honda 220 kV,87.85,0.0452,0.3917,220,0,0.209612088,0.423448381
LNX-d23,SICN11Y,SICN113,Pampa Honda 220 kV,La Ramada 220 kV,35.48,0.0452,0.3917,220,0,0.235716274,0.450815009
LNX-d24,SICN11Y,SICN113,Pampa Honda 220 kV,La Ramada 220 kV,35.48,0.0452,0.3917,220,0,0.235716274,0.450815009
LNX-b23,SICN113,SICN-79,La Ramada 220 kV,Kiman Ayllu 220 kV,104.39,0.0452,0.3917,220,0,0.300399719,0.535098433
LNX-b24,SICN113,SICN-79,La Ramada 220 kV,Kiman Ayllu 220 kV,104.39,0.0452,0.3917,220,0,0.300399719,0.535098433
LNXA025,SICN-80,SICN163,Conococha 220 kV,Huaylas 220 kV,66.85,0.0566,0.4986,220,0,0.21925399,0.490494722
LNXA026,SICN-80,SICN163,Conococha 220 kV,Huaylas 220 kV,66.85,0.0566,0.4986,220,0,0.21925399,0.490494722
LNXB025,SICN163,SICN-79,Huaylas 220 kV,Kiman Ayllu 220 kV,109.76,0.0566,0.4986,220,0,0.190538257,0.391032057
LNXB026,SICN163,SICN-79,Huaylas 220 kV,Kiman Ayllu 220 kV,109.76,0.0566,0.4986,220,0,0.190538257,0.391032057
LNX-226,SICN279,SICN-79,Quitaracsa 220 kV,Kiman Ayllu 220 kV,5.45,0.0634,0.5264,220,0,0.522496792,0.768747983
LNE-409,SICN320,SICN-20,Cheves 220 kV,Huacho 220 kV,75.93,0.0706,0.5228,220,0,0.527206496,0.834290067
LNEa009,SICN-20,SICN141,Huacho 220 kV,Medio Mundo 220 kV,32.58,0.073649,0.49541,220,0,0.16452365,0.49136142
LNEb009,SICN141,SICN-41,Medio Mundo 220 kV,Paramonga 220 kV,26.95,0.073388,0.495245,220,0,0.164271421,0.490608121
LNXa01A,SICN-20,SICN141,Huacho 220 kV,Medio Mundo 220 kV,32.68,0.073653,0.495412,220,0,0.164019193,0.489854823
LNXb01A,SICN141,SICN-41,Medio Mundo 220 kV,Paramonga 220 kV,26.95,0.073388,0.495245,220,0,0.164271421,0.490608121
LNX-074,SICN134,SICN-20,TPCH 220 kV,Huacho 220 kV,77.453,0.075759,0.496356,220,0,0.215998988,0.627868882
LNX-073,SICN-58,SICN134,Zapallal 220 kV,TPCH 220 kV,44.563,0.076393,0.496472,220,0,0.212839272,0.589119125
LNX-083,SICN114,SICN-20,Lomera 220 kV,Huacho 220 kV,48.29,0.0749,0.4962,220,0,0.405708694,0.949436311
LNX-082,SICN-58,SICN114,Zapallal 220 kV,Lomera 220 kV,58.6,0.0749,0.4962,220,0,0.282948894,0.647015346
LNX-186,SICN158,SICN-58,Carabayllo 220 kV,Zapallal 220 kV,10.2,0.0312,0.2813,220,0,0.508611018,0.786594365
LNX-187,SICN158,SICN-58,Carabayllo 220 kV,Zapallal 220 kV,10.2,0.0312,0.2813,220,0,0.508611018,0.786594365
LNX-086,SICN158,SICN-68,Carabayllo 220 kV,Mirador 220 kV,13.52,0.0575,0.5003,220,0,0.514635856,0.679843819
LNX-087,SICN158,SICN-68,Carabayllo 220 kV,Mirador 220 kV,13.52,0.0575,0.5003,220,0,0.514635856,0.679843819
LNX-184,SICN-68,SICN068,Mirador 220 kV,Malvinas 220 kV,19.5,0.050046,0.447138,220,0,0.403173728,0.544982248
LNX-185,SICN-68,SICN068,Mirador 220 kV,Malvinas 220 kV,19.5,0.050046,0.447138,220,0,0.403173728,0.544982248
LNX-188,SICN068,SICN013,Malvinas 220 kV,Barsi 220 kV,5.93,0.0368,0.3785,220,0,0.110015679,0.208732849
LNE-046,SICN-58,SICN-55,Zapallal 220 kV,Ventanilla 220 kV,18.02,0.0882,0.495,220,0,0.577485384,0.864487287
LNE-047,SICN-58,SICN-55,Zapallal 220 kV,Ventanilla 220 kV,18.02,0.0882,0.495,220,0,0.577485384,0.864487287
LNE-021,SICN-55,SICN055,Ventanilla 220 kV,Chillon 220 kV,1.2606,0.073302,0.497712,220,0,0.483311959,0.606376871
LNE-022,SICN-55,SICN055,Ventanilla 220 kV,Chillon 220 kV,1.2606,0.073302,0.497712,220,0,0.483311959,0.606376871
LNE-012,SICN-55,SICN-13,Ventanilla 220 kV,Chavarria 220 kV,10.58,0.0871,0.4996,220,0,0.515114005,0.636672739
LNE-013,SICN-55,SICN-13,Ventanilla 220 kV,Chavarria 220 kV,10.58,0.0871,0.4996,220,0,0.515114005,0.636672739
LNE-014,SICN-55,SICN-13,Ventanilla 220 kV,Chavarria 220 kV,11.07,0.0871,0.4969,220,0,0.494829135,0.611600963
LNE-14B,SICN-55,SICN-13,Ventanilla 220 kV,Chavarria 220 kV,10.58,0.0871,0.4996,220,0,0.515114005,0.636672739
LNE-135,SICN-13,SICN013,Chavarria 220 kV,Barsi 220 kV,9.56,0.067202,0.485377,220,0,0.390762598,0.517480362
LNE-136,SICN-13,SICN013,Chavarria 220 kV,Barsi 220 kV,9.09,0.066886,0.484491,220,0,0.411763168,0.545291065
LNE-915,SICN-13,SICN610,Chavarria 220 kV,San Martn 220 kV,13,0.01832,0.219401,220,0,0.162141629,0.294887621
LNE-916,SICN-13,SICN610,Chavarria 220 kV,San Martn 220 kV,13,0.01832,0.219401,220,0,0.162141629,0.294887621
LNX-a17,SICN-49,SICN-76,Santa Rosa 220 kV,Industriales 220 kV,6.37,0.0725,0.4924,220,0,0.479063239,0.67999466
LNX-a18,SICN-49,SICN-76,Santa Rosa 220 kV,Industriales 220 kV,6.94,0.073053,0.490919,220,0,0.442775963,0.62848757
LNX-030,SICN-84,SICN-76,Planicie 220 kV,Industriales 220 kV,17.194,0.040919,0.323501,220,0,0.419805919,0.596784413
LNX-031,SICN-84,SICN-76,Planicie 220 kV,Industriales 220 kV,17.194,0.040919,0.323501,220,0,0.419805919,0.596784413
LNX-039,SICN-84,SICN-76,Planicie 220 kV,Industriales 220 kV,17.06,0.040286,0.320325,220,0,0.42737499,0.607544394
LNE-157,SICN-84,SICN184,Planicie 220 kV,Manchay 220 kV,3.778,0.026937,0.268268,220,0,0.192016545,0.275484056
LNE-158,SICN-84,SICN184,Planicie 220 kV,Manchay 220 kV,3.778,0.026937,0.268268,220,0,0.192016545,0.275484056
LNE-163,SICN184,SICN148,Manchay 220 kV,Pachacutec 220 kV,17.598,0.0157,0.2166,220,0,0.065363172,0.084021108
LNE-164,SICN184,SICN148,Manchay 220 kV,Pachacutec 220 kV,17.598,0.0157,0.2166,220,0,0.065363172,0.084021108
LNX-011,SICN-76,SICN176,Industriales 220 kV,San Luis 220 kV,5.13,0.026937,0.268268,220,0,0.225559338,0.310025929
LNX-012,SICN-76,SICN176,Industriales 220 kV,San Luis 220 kV,5.13,0.0269,0.2683,220,0,0.225539152,0.309998183
LNE-019,SICN-48,SICN-02,San Juan 220 kV,Balnearios 220 kV,9.76,0.0828,0.488082,220,0,0.45391223,0.607024519
LNE-020,SICN-48,SICN-02,San Juan 220 kV,Balnearios 220 kV,9.76,0.0828,0.488082,220,0,0.45391223,0.607024519
LNE-123,SICN-48,SICN-02,San Juan 220 kV,Balnearios 220 kV,8.7,0.01976,0.250554,220,0,0.671359032,0.897819814
LNX-003,SICN-48,SICN-69,San Juan 220 kV,Chilca REP 220 kV,48.2,0.059,0.3432,220,0,0.702002699,0.919274817
LNX-008,SICN-48,SICN-69,San Juan 220 kV,Chilca REP 220 kV,48.2,0.059,0.3432,220,0,0.702002699,0.919274817
LNX-009,SICN-48,SICN-69,San Juan 220 kV,Chilca REP 220 kV,48.92,0.0364,0.358,220,0,0.675687476,0.884814948
LNX-101,SICN-48,SICN117,San Juan 220 kV,Alto Praderas 220 kV,18.72,0.0364,0.358,220,0,0.396579737,0.593478292
LNX-102,SICN117,SICN-69,Alto Praderas 220 kV,Chilca REP 220 kV,30.2,0.0364,0.358,220,0,0.850266661,1.084784839
LNE-118,SICN106,SICN-69,Chilca CTM 220 kV,Chilca REP 220 kV,1,0.039,13.006192,220,0,0.633639821,1.260578977
LNX-330,SICN286,SICN106,Las Flores 220 kV,Chilca CTM 220 kV,3.2,0.022,0.3366,220,0,0.674774094,0.674774094
LNX-331,SICN386,SICN106,Chilca Uno 220 kV,Chilca CTM 220 kV,1.039,0.027,0.367,220,0,0.567352278,0.572727039
LNX-332,SICN386,SICN106,Chilca Uno 220 kV,Chilca CTM 220 kV,1.039,0.027,0.367,220,0,0.567352278,0.572727039
LNX-333,SICN-86,SICN-69,Platanal 220 kV,Chilca REP 220 kV,108,0.0529,0.499,220,0,0.619621922,0.628909026
LNX-334,SICN186,SICN-69,Kallpa 220 kV,Chilca REP 220 kV,1,0.017,0.1883,220,0,0.021392765,0.021392765
LNX-335,SICN186,SICN-69,Kallpa 220 kV,Chilca REP 220 kV,1,0.017,0.1883,220,0,0.021392765,0.021392765
LNX-336,SICN186,SICN-69,Kallpa 220 kV,Chilca REP 220 kV,1,0.017,0.1883,220,0,0.021392765,0.021392765
LNX-337,SICN186,SICN-69,Kallpa 220 kV,Chilca REP 220 kV,1,0.017,0.1883,220,0,0.021392765,0.021392765
LNX-001,SICN-69,SICN172,Chilca REP 220 kV,Asia 220 kV,28.9,0.083,0.49,220,0,0.604247218,0.89548083
LNX-004,SICN172,SICN-72,Asia 220 kV,Cantera 220 kV,55.11,0.083,0.49,220,0,0.429906241,1.052763548
LNX-007,SICN-72,SICN-26,Cantera 220 kV,Independencia 220 kV,82.21,0.083,0.49,220,0,0.39685281,1.271857371
LNX-013,SICN-69,SICN-75,Chilca REP 220 kV,Desierto 220 kV,106.24,0.0824,0.4866,220,0,0.537778048,0.949631915
LNX-084,SICN-75,SICN115,Desierto 220 kV,Chincha 220 kV,24.4,0.0824,0.4866,220,0,0.403688665,1.164552266
LNX-098,SICN115,SICN-26,Chincha 220 kV,Independencia 220 kV,31.71,0.0824,0.4866,220,0,0.739953005,1.799058024
LNX-143,SICN-69,SICN-26,Chilca REP 220 kV,Independencia 220 kV,165.38,0.078353,0.488723,220,0,0.350788865,0.950141777
LNX-163,SICN-26,SILS-20,Independencia 220 kV,El Angel 220 kV,21.6,0.0588,0.4786,220,0,0.041406393,0.049183851
LNX-164,SICN-26,SILS-20,Independencia 220 kV,El Angel 220 kV,23.1,0.053668,0.506829,220,0,0.036701537,0.043595271
LNX-103,SICN-26,SICN-83,Independencia 220 kV,Aceros 220 kV,24.6,0.083,0.49,220,0,0.699781376,0.773003539
LNE-23A,SICN-26,SICN-25,Independencia 220 kV,Ica 220 kV,55.39,0.083,0.4899,220,0,0.138811659,0.424086801
LNE-23C,SICN-26,SICN616,Independencia 220 kV,Viedos 220 kV,26.13,0.08299,0.4899,220,0,0.134279243,0.410239711
LNE-23D,SICN616,SICN-25,Viedos 220 kV,Ica 220 kV,31.13,0.08299,0.4899,220,0,0.134279243,0.410239711
LNX-A99,SICN-25,SICN135,Ica 220 kV,Mayorazgo 220 kV,27.02,0.08297,0.49,220,0,0.426799564,0.500616887
LNX-B99,SICN135,SICN129,Mayorazgo 220 kV,Intermedia 220 kV,20.62,0.08297,0.49,220,0,0.39034536,0.457857728
LNXA100,SICN130,SICN116,Derivacion 220 kV,Nazca 220 kV,73.5,0.083,0.49,220,0,0.277049341,0.317920577
LNXC100,SICN116,SICN029,Nazca 220 kV,Poroma 220 kV,18.5,0.08296,0.490919,220,0,0.072244509,0.554738995
LNXD100,SICN-29,SICN029,Marcona 220 kV,Poroma 220 kV,25.5,0.082963,0.490667,220,0,0.214216534,0.371974249
LNEC154,SICN-25,SICN135,Ica 220 kV,Mayorazgo 220 kV,37.74,0.082792,0.490577,220,0,0.21979056,0.257804541
LNED154,SICN135,SICN129,Mayorazgo 220 kV,Intermedia 220 kV,23.32,0.083,0.4952,220,0,0.246037587,0.288591135
LNEB154,SICN130,SICN029,Derivacion 220 kV,Poroma 220 kV,90,0.083,0.4952,220,0,0.174281695,0.22954883
LNE-126,SICN029,SICN-29,Poroma 220 kV,Marcona 220 kV,27,0.0708,0.5027,220,0,0.143400743,0.249006847
LNE-127,SICN029,SICN-29,Poroma 220 kV,Marcona 220 kV,27,0.0708,0.5027,220,0,0.143400743,0.249006847
LNE-228,SICN229,SICN-29,Tres Hermanas 220 kV,Marcona 220 kV,31.1,0.0617,0.505,220,0,0.56852045,0.649710872
LNE-329,SICN529,SICN029,Flamenco 220 kV,Poroma 220 kV,0.675,0.0637,0.523,220,0,0.624105959,0.681782153
LNE-330,SICN615,SICN-29,San Juan de Marcona 220 kV,Marcona 220 kV,32.83,0.0665,0.4977,220,0,0.296063425,0.360308202
LNE-037,SICN-28,SICN-22,Mantaro 220 kV,Huancavelica 220 kV,66.47,0.0603,0.5048,220,0,0.612354707,0.960101453
LNE-038,SICN-22,SICN-26,Huancavelica 220 kV,Independencia 220 kV,180.78,0.0603,0.506,220,0,0.44486529,0.926172434
LNE-36A,SICN-28,SICN-22,Mantaro 220 kV,Huancavelica 220 kV,66.47,0.0603,0.5048,220,0,0.612354707,0.960101453
LNE-36C,SICN-22,SIEC-10,Huancavelica 220 kV,Caudalosa 220 kV,71.96,0.0603,0.506,220,0,0.45131754,0.933311637
LNE-36D,SIEC-10,SICN-26,Caudalosa 220 kV,Independencia 220 kV,108.9,0.0603,0.506,220,0,0.440204287,0.920774538
LEC-011,SICN-22,SIEC-12,Huancavelica 220 kV,Ayacucho Oeste 220 kV,93.35,0.053668,0.506829,220,0,0.27771395,0.539603291
LEC-012,SIEC-12,SIEC-05,Ayacucho Oeste 220 kV,Mollepata 220 kV,10.27,0.053668,0.506829,220,0,0.116337648,0.217280795
LNE-041,SICN-28,SICN-24,Mantaro 220 kV,Huayucachi 220 kV,76.59,0.0556,0.5,220,0,0.584942684,0.946183835
LNE-132,SICN-24,SICN111,Huayucachi 220 kV,Orcotuna 220 kV,26.135,0.057811,0.501717,220,0,0.54838466,0.904563299
LNE-572,SICN111,SICN607,Orcotuna 220 kV,San Mateo 220 kV,120.835,0.057881,0.500371,220,0,0.566555189,1.014977685
LNE-573,SICN607,SICN102,San Mateo 220 kV,Huanza 220 kV,33.16,0.0579,0.5,220,0,0.506523106,0.994450022
LNE-114,SICN102,SICN158,Huanza 220 kV,Carabayllo 220 kV,73.654,0.0579,0.5,220,0,0.885327202,1.386272208
LNE-034,SICN-28,SICN-43,Mantaro 220 kV,Pomacocha 220 kV,192.22,0.0603,0.5048,220,0,0.670210366,1.25939449
LNE-035,SICN-28,SICN-43,Mantaro 220 kV,Pomacocha 220 kV,192.22,0.0603,0.5048,220,0,0.670210366,1.25939449
LNE-553,SICN-28,SIEC-14,Mantaro 220 kV,Pucara 220 kV,63.57,0.0601,0.5024,220,0,0.766157619,1.2990095
LNE-554,SICN-28,SIEC-14,Mantaro 220 kV,Pucara 220 kV,63.52,0.0601,0.5024,220,0,0.766760703,1.30003202
LNE-555,SIEC-14,SICN-37,Pucara 220 kV,Pachachaca 220 kV,133.39,0.0601,0.5024,220,0,0.578203141,1.078725255
LNE-556,SIEC-14,SICN-37,Pucara 220 kV,Pachachaca 220 kV,133.34,0.0601,0.5024,220,0,0.578419957,1.079129756
LNE-557,SIEC-14,SICN606,Pucara 220 kV,Palian 220 kV,25.6,0.056807,0.501305,220,0,0.25647807,0.382000511
LNE-558,SICN606,SICN111,Palian 220 kV,Orcotuna 220 kV,22.47,0.056807,0.501305,220,0,0.042492158,0.105098722
LNE-025,SICN-43,SICN-48,Pomacocha 220 kV,San Juan 220 kV,113.08,0.060242,0.501833,220,0,0.486760919,1.632198111
LNE-026,SICN-43,SICN-48,Pomacocha 220 kV,San Juan 220 kV,113.08,0.060242,0.501833,220,0,0.486760919,1.632198111
LNE-027,SICN-43,SICN-37,Pomacocha 220 kV,Pachachaca 220 kV,13.46,0.0558,0.5033,220,0,0.350229797,1.030548212
LNE-028,SICN-37,SICN506,Pachachaca 220 kV,Callahuanca REP 220 kV,72.64,0.0563,0.4888,220,0,0.721905956,1.355829752
LNE-029,SICN-37,SICN506,Pachachaca 220 kV,Callahuanca REP 220 kV,72.64,0.0563,0.4888,220,0,0.721905956,1.355829752
LNE-230,SICN506,SICN-06,Callahuanca REP 220 kV,Callahuanca 220 kV,0.58,0.075,0.5,220,0,0.576008952,1.081816915
LNE-030,SICN-30,SICN-06,Matucana 220 kV,Callahuanca 220 kV,22.5,0.075,0.501,220,0,0.51498381,0.594469472
LNE-a31,SICN-06,SICN046,Callahuanca 220 kV,Carapongo 220 kV,31,0.0736,0.4969,220,0,0.475189766,0.69948705
LNE-a33,SICN-06,SICN046,Callahuanca 220 kV,Carapongo 220 kV,31,0.0736,0.4969,220,0,0.475189766,0.69948705
LNE-b31,SICN046,SICN-46,Carapongo 220 kV,Cajamarquilla 220 kV,5.4,0.0736,0.4969,220,0,0.513711601,0.643145752
LNE-b33,SICN046,SICN-46,Carapongo 220 kV,Cajamarquilla 220 kV,5.4,0.0736,0.4969,220,0,0.513711601,0.643145752
LNX-053,SICN046,SICN-46,Carapongo 220 kV,Cajamarquilla 220 kV,4,0.07355,0.49686,220,0,0.673767627,0.8435293
LNE-032,SICN-46,SICN-13,Cajamarquilla 220 kV,Chavarria 220 kV,21.42,0.0736,0.4969,220,0,0.371743022,0.627745529
LNE-023,SICN-46,SICN-13,Cajamarquilla 220 kV,Chavarria 220 kV,21.42,0.0736,0.4969,220,0,0.371743022,0.627745529
LNX-175,SICN124,SICN046,Huinco 220 kV,Carapongo 220 kV,41,0.0736,0.5024,220,0,0.370407269,0.402035421
LNX-176,SICN124,SICN046,Huinco 220 kV,Carapongo 220 kV,41,0.0736,0.5024,220,0,0.370407269,0.402035421
LNXs075,SICN046,SICN610,Carapongo 220 kV,San Martn 220 kV,20.7,0.0736,0.5024,220,0,0.460210334,0.692112206
LNXs076,SICN046,SICN610,Carapongo 220 kV,San Martn 220 kV,20.7,0.0736,0.5024,220,0,0.460210334,0.692112206
LNE-149,SICN046,SICN146,Carapongo 220 kV,San Miguel 220 kV,7.55,0.0807,0.48,220,0,0.173472836,0.282444139
LNE-150,SICN046,SICN146,Carapongo 220 kV,San Miguel 220 kV,7.55,0.0807,0.48,220,0,0.173472836,0.282444139
LNX-180,SICN285,SICN-85,Chimay 220 kV,Yanango 220 kV,29.54,0.05,0.52,220,0,0.014431196,0.015167072
LNX-085,SICN-85,SICN-37,Yanango 220 kV,Pachachaca 220 kV,89.4,0.05,0.52,220,0,0.440899573,0.90086622
LNX-080,SICN-85,SICN185,Yanango 220 kV,Yanango Nueva 220 kV,14.62,0.0255,0.3852,220,0,0.193575872,0.482257179
LNE-209,SICN-43,SICN243,Pomacocha 220 kV,Toromocho 220 kV,9.26,0.0518,0.498,220,0,0.535355707,0.582744737
LNE-309,SICN-43,SICN243,Pomacocha 220 kV,Toromocho 220 kV,9.26,0.0518,0.498,220,0,0.535355707,0.582744737
LNE-109,SICN-43,SICN-09,Pomacocha 220 kV,Carhuamayo 220 kV,106,0.0645,0.5137,220,0,0.343824036,1.060374147
LNE-043,SICN-34,SICN-37,Oroya 220 kV,Pachachaca 220 kV,21.63,0.0527,0.5088,220,0,0.289624422,0.880920435
LNE-088,SICN-34,SICN-09,Oroya 220 kV,Carhuamayo 220 kV,75.5,0.0562,0.4995,220,0,0.391398936,1.168054442
LNE-070,SICN-61,SICN-09,Yuncan 220 kV,Carhuamayo 220 kV,53.2,0.055,0.5088,220,0,0.470549966,0.594041214
LNE-071,SICN-61,SICN-09,Yuncan 220 kV,Carhuamayo 220 kV,53.2,0.055,0.5088,220,0,0.470549966,0.594041214
LNE-089,SICN-39,SICN-09,Paragsha 220 kV,Carhuamayo 220 kV,42.2,0.0562,0.4995,220,0,0.385301078,0.752917785
LNX-028,SICN-39,SICN-09,Paragsha 220 kV,Carhuamayo 220 kV,43.32,0.0566,0.4987,220,0,0.375859147,0.734467285
LNX-029,SICN-39,SICN-09,Paragsha 220 kV,Carhuamayo 220 kV,43.32,0.0566,0.4987,220,0,0.375859147,0.734467285
LNX-104,SICN-39,SICN107,Paragsha 220 kV,Francoise 220 kV,50,0.0575,0.505,220,0,0.261253734,0.290943877
LNE-090,SICN-39,SICN-56,Paragsha 220 kV,Vizcarra 220 kV,123.9,0.0562,0.4995,220,0,0.207092689,0.370107511
LNX-a27,SICN-39,SICN614,Paragsha 220 kV,Ishcayucro 220 kV,49.936,0.0563,0.4948,220,0,0.26911392,0.483315784
LNX-b27,SICN614,SICN-80,Ishcayucro 220 kV,Conococha 220 kV,105.936,0.0563,0.4948,220,0,0.26911392,0.483315784
LNX-032,SICN-80,SICN-56,Conococha 220 kV,Vizcarra 220 kV,46.8,0.0575,0.505,220,0,0.421207856,1.136444772
LNX-118,SICN-56,SICN256,Vizcarra 220 kV,Huallanca Nueva 220 kV,1.38,0.0578,0.4979,220,0,0.12958793,0.130256566
LNX-018,SICN-56,SICN157,Vizcarra 220 kV,Antamina 220 kV,52.08,0.0564,0.5007,220,0,0.815763699,1.045838445
LNX-a19,SICN-56,SICN156,Vizcarra 220 kV,Yungas 220 kV,12.41,0.05759,0.511265,220,0,0.284230748,0.770793835
LNX-b19,SICN156,SICN157,Yungas 220 kV,Antamina 220 kV,41.61,0.0576,0.509098,220,0,0.91713706,1.148904329
LNX-119,SICN104,SICN212,Chaglla 220 kV,Huanuco 220 kV,70.284,0.048524,0.380997,220,0,0.356271708,0.648174707
LNX-219,SICN104,SICN212,Chaglla 220 kV,Huanuco 220 kV,70.284,0.048527,0.380988,220,0,0.356279152,0.64818825
LNX-120,SICN212,SICN-39,Huanuco 220 kV,Paragsha 220 kV,103.854,0.048554,0.380124,220,0,0.075842444,0.264241679
LNX-220,SICN212,SICN-39,Huanuco 220 kV,Paragsha 220 kV,103.854,0.048555,0.380118,220,0,0.075843553,0.264245541
LNE-a45,SICN-53,SICN212,Tingo Maria 220 kV,Huanuco 220 kV,81.86,0.057514,0.506381,220,0,0.449129722,1.223387301
LNE-b45,SICN212,SICN-56,Huanuco 220 kV,Vizcarra 220 kV,115.46,0.057509,0.505979,220,0,0.337589405,0.652779056
LNX-134,SICN212,SICN156,Huanuco 220 kV,Yungas 220 kV,110.31,0.039393,0.389529,220,0,0.209162513,0.387056324
LNXa121,SICN-53,SICN153,Tingo Maria 220 kV,Tingo Maria N 220 kV,2.93,0.037048,0.378473,220,0,0.307996541,0.571036218
LNXb121,SICN153,SICN104,Tingo Maria N 220 kV,Chaglla 220 kV,36.16,0.037048,0.378473,220,0,0.305057142,0.519414573
LNE-044,SICN-01,SICN-53,Aguaytia 220 kV,Tingo Maria 220 kV,73.27,0.0575,0.505,220,0,0.249651636,0.312308981
LNE-144,SICN-01,SICN153,Aguaytia 220 kV,Tingo Maria N 220 kV,68.3,0.063586,0.517632,220,0,0.210730844,0.249318741
LNX-142,SICN-01,SICN122,Aguaytia 220 kV,Pucallpa 220 kV,129.3,0.041392,0.384494,220,0,0.230305403,0.261039527
LNE-185,SICN228,SICN-28,Restitucion 220 kV,Mantaro 220 kV,1.62,0.0761,0.4928,220,0,0.633870602,0.653190511
LNE-285,SICN228,SICN-28,Restitucion 220 kV,Mantaro 220 kV,1.62,0.0761,0.4928,220,0,0.633870602,0.653190511
LNE-385,SICN228,SICN-28,Restitucion 220 kV,Mantaro 220 kV,1.62,0.0761,0.4928,220,0,0.633870602,0.653190511
LNE-220,SICN-28,SICN-04,Mantaro 220 kV,Colcabamba 220 kV,1,0.081448,15.925086,220,0,0.042742672,0.141194889
LNE-145,SICN-04,SICN128,Colcabamba 220 kV,CAguila 220 kV,19.4,0.04,0.3909,220,0,0.41823236,0.470401925
LNE-146,SICN-04,SICN128,Colcabamba 220 kV,CAguila 220 kV,19.4,0.0402,0.3905,220,0,0.4186083,0.470824759
LNEA085,SICN-28,SIEC-11,Mantaro 220 kV,Muyurina 220 kV,103.05,0.0422,0.3902,220,0,0.589617285,0.83086744
LNEA086,SICN-28,SIEC-11,Mantaro 220 kV,Muyurina 220 kV,103.05,0.0422,0.3902,220,0,0.589617285,0.83086744
LNEB085,SIEC-11,SICN-74,Muyurina 220 kV,Cotaruse 220 kV,195.05,0.0422,0.3902,220,0,0.656264155,1.013258678
LNEB086,SIEC-11,SICN-74,Muyurina 220 kV,Cotaruse 220 kV,195.05,0.0422,0.3902,220,0,0.656264155,1.013258678
LNX-105,SIEC-11,SIEC-12,Muyurina 220 kV,Ayacucho Oeste 220 kV,10.15,0.0407,0.3813,220,0,0.168105812,0.395151038
LNE-552,SIEC-05,SIEC-11,Mollepata 220 kV,Muyurina 220 kV,4.98,0.064348,0.505742,220,0,0.134336248,0.332846503
LNEA096,SICN-74,SIS-74,Cotaruse 220 kV,Palca 220 kV,285,0.0421,0.114019,220,0,0.396016136,0.951221004
LNEA097,SICN-74,SIS-74,Cotaruse 220 kV,Palca 220 kV,285,0.0421,0.114019,220,0,0.396016136,0.951221004
LNEB096,SIS-74,SIS-24,Palca 220 kV,Socabaya 220 kV,30,0.0421,0.3902,220,0,0.368563325,1.008235261
LNEB097,SIS-74,SIS-24,Palca 220 kV,Socabaya 220 kV,30,0.0421,0.3902,220,0,0.368563325,1.008235261
LNX-092,SIS-74,SIS-75,Palca 220 kV,La Pascana 220 kV,16.71,0.0745,0.506361,220,0,0.082229049,0.136005156
LNX-093,SIS-74,SIS-75,Palca 220 kV,La Pascana 220 kV,16.71,0.0745,0.506361,220,0,0.082229049,0.136005156
LNX-070,SIS-13,SIS-24,Cerro Verde 220 kV,Socabaya 220 kV,9.7,0.068,0.48,220,0,0.250820157,0.263321709
LNX-071,SIS-13,SIS-24,Cerro Verde 220 kV,Socabaya 220 kV,9.7,0.068,0.48,220,0,0.250820157,0.263321709
LNX-065,SIS-24,SIS148,Socabaya 220 kV,Yarabamba 220 kV,3.45,0.0349,0.2846,220,0,0.341510635,0.618103232
LNX-066,SIS-24,SIS148,Socabaya 220 kV,Yarabamba 220 kV,3.45,0.0349,0.2846,220,0,0.341510635,0.618103232
LNX-068,SIS-52,SIS-32,San Jose 220 kV,San Luis CV 220 kV,28.48,0.0706,0.5051,220,0,0.326997642,0.343296086
LNX-067,SIS-52,SIS-32,San Jose 220 kV,San Luis CV 220 kV,28.48,0.0706,0.5051,220,0,0.326997642,0.343296086
LNX-250,SIS-52,SIS154,San Jose 220 kV,Hub San Jose 220 kV,3.92,0.052372,0.370382,220,0,0.239490069,0.969494266
LNX-251,SIS-52,SIS154,San Jose 220 kV,Hub San Jose 220 kV,3.92,0.052372,0.370382,220,0,0.239490069,0.969494266
LNX-050,SIS154,SIS-133,Hub San Jose 220 kV,Reparticion 220 kV,17.4,0.074419,0.500885,220,0,0.116593821,0.332411535
LNX-051,SIS154,SIS-133,Hub San Jose 220 kV,Reparticion 220 kV,17.4,0.074419,0.500885,220,0,0.116593821,0.332411535
LNX-267,SIS352,SIS-52,Lluclla 220 kV,San Jose 220 kV,96.7,0.043,0.3556,220,0,0.197952045,0.31942972
LNX-268,SIS352,SIS-52,Lluclla 220 kV,San Jose 220 kV,96.7,0.043,0.3556,220,0,0.197952045,0.31942972
LSE-025,SIS-24,SIS-18,Socabaya 220 kV,Moquegua 220 kV,106.74,0.0662,0.4909,220,0,0.470996598,1.701108496
LSE-026,SIS-24,SIS-18,Socabaya 220 kV,Moquegua 220 kV,106.74,0.0662,0.4909,220,0,0.470996598,1.701108496
LSE-063,SIS-18,SIS-57,Moquegua 220 kV,Tia Maria 220 kV,84.52,0.0754,0.4878,220,0,0.262581168,0.274599897
LSE-a64,SIS-18,SIS-54,Moquegua 220 kV,Ilo3 220 kV,53.98,0.0754,0.4878,220,0,0.35115537,0.37764711
LSE-b64,SIS-54,SIS-57,Ilo3 220 kV,Tia Maria 220 kV,102.08,0.0754,0.4878,220,0,0.041907344,0.153730465
LSE-038,SIS-18,SIS-26,Moquegua 220 kV,Los Heroes 220 kV,124.33,0.0619,0.4981,220,0,0.318078423,0.417648749
LSE-128,SIS135,SIS-35,Rubi 220 kV,Montalvo 220 kV,21.55,0.0816,0.5128,220,0,0.602682091,0.854266172
LSE-028,SIS-18,SIS-35,Moquegua 220 kV,Montalvo 220 kV,5,0.025,0.342,220,0,0.957379669,1.354778621
LSE-058,SIS-35,SIS-26,Montalvo 220 kV,Los Heroes 220 kV,128.78,0.0619,0.507,220,0,0.241353731,0.304119508
LNE-535,SIS-26,SIS-86,Los Heroes 220 kV,La Garita 220 kV,31.07,0.0739,0.4953,220,0,0.081247626,0.114452733
LNE-571,SIS-26,SIS-86,Los Heroes 220 kV,La Garita 220 kV,31.07,0.0739,0.4953,220,0,0.081247626,0.114452733
LSE-037,SIS-18,SIS-67,Moquegua 220 kV,Chilota 220 kV,97.2115,0.0467,0.4975,220,0,0.496391015,1.285350521
LSE-073,SIS-67,SIS-20,Chilota 220 kV,Puno 220 kV,99.5585,0.0467,0.4975,220,0,0.430093362,1.190170511
PPT-096,SIS-49,SIS-50,Azangaro 220 kV,Juliaca 220 kV,77.5,0.0524,0.3903,220,0,0.115244125,0.277292491
PPT-098,SIS-50,SIS-20,Juliaca 220 kV,Puno 220 kV,33.11,0.0524,0.3903,220,0,0.108533586,0.307885686
PPT-097,SIS-42,SIS-49,Tintaya 220 kV,Azangaro 220 kV,128.68,0.0469,0.3874,220,0,0.109751556,0.232099258
PPT-063,SIS-66,SIS-49,San Gaban 220 kV,Azangaro 220 kV,182,0.033584,0.3849,220,0,0.176577365,0.211620949
LSE-200,SIS-66,SIS-89,San Gaban 220 kV,Nueva San Gaban 220 kV,14,0.0525,0.389,220,0,0.241248102,0.352424517
LSE-201,SIS-42,SIS-89,Tintaya 220 kV,Nueva San Gaban 220 kV,208,0.0417,0.388,220,0,0.219964897,0.293106605
LSE-044,SIS-42,SIS-24,Tintaya 220 kV,Socabaya 220 kV,201.43,0.0576,0.5058,220,0,0.333081416,0.666084805
LSE-b44,SIS-42,SIS-24,Tintaya 220 kV,Socabaya 220 kV,201.4251,0.0583,0.5045,220,0,0.333820728,0.667563256
LSE-055,SIS-42,SIS-64,Tintaya 220 kV,Constancia 220 kV,69.167,0.0579,0.5082,220,0,0.636457542,0.668751598
LSE-065,SICN-74,SIS-65,Cotaruse 220 kV,Las Bambas 220 kV,131.69,0.0637,0.4925,220,0,0.642965212,0.67791692
LSE-066,SICN-74,SIS-65,Cotaruse 220 kV,Las Bambas 220 kV,131.69,0.0637,0.4925,220,0,0.642965212,0.67791692
LSE-149,SIS-44,SIS-71,Suriray 220 kV,Santa Teresa 220 kV,1.5,0.0474,0.4843,220,0,0.229410902,0.284059967
LSE-049,SIS-44,SIS-45,Suriray 220 kV,Kayra 220 kV,147.7,0.0431,0.3728,220,0,0.551312869,0.94853674
LSE-050,SIS-45,SIS-43,Kayra 220 kV,Onocora 220 kV,106,0.0428,0.3732,220,0,0.366355301,0.819992098
LSE-051,SIS-43,SIS-42,Onocora 220 kV,Tintaya 220 kV,69.7,0.043,0.3692,220,0,0.329804059,0.642543328
LSE-052,SIS-43,SIS-42,Onocora 220 kV,Tintaya 220 kV,69.7,0.043,0.3692,220,0,0.329804059,0.642543328
LSE-046,SIS-44,SIS-36,Suriray 220 kV,Abancay 220 kV,58.1,0.0498,0.5096,220,0,0.449462384,0.930962557
LSE-047,SIS-36,SICN-74,Abancay 220 kV,Cotaruse 220 kV,130,0.0498,0.5096,220,0,0.543844107,1.462890703
LSE-048,SIS-44,SICN-74,Suriray 220 kV,Cotaruse 220 kV,188.4,0.0498,0.5096,220,0,0.551959685,1.106889596
LSE-203,SIS-90,SIS-89,Nuevo Puerto Maldonado 220 kV,Nueva San Gaban 220 kV,213,0.0783,0.5262,220,0,0.071456761,0.083076554
LSE-208,SIS-90,SIS-89,Nuevo Puerto Maldonado 220 kV,Nueva San Gaban 220 kV,213,0.0791,0.5268,220,0,0.071347223,0.082949203
TNE-026,SICN-11,SICN-87,Carhuaquero 220 kV,Carhuaquero 138 kV,1,1.535211,63.336997,220,0,0.246914446,0.383344359
TNE-019,SICN-79,SICN179,Kiman Ayllu 220 kV,Kiman Ayllu 138 kV,1,0.828124,60.654067,220,0,0.39881652,0.724517856
TNE-035,SICN163,SICN164,Huaylas 220 kV,Huaylas 138 kV,1,0.904298,50.652612,220,0,0.139109991,0.346564086
TNE-A13,SICN-15,SICN-63,Chimbote 220 kV,Chimbote 138 kV,1,0.847,42.865967,220,0,0.315070762,0.843154648
TNE-B13,SICN-15,SICN-63,Chimbote 220 kV,Chimbote 138 kV,1,0.850025,43.997071,220,0,0.306975995,0.8214924
TNC-001,SICN-41,SICN-70,Paramonga 220 kV,SEPANU 138 kV,1,2.859472,113.123062,220,0,0.234285459,0.58895101
TNE-A51,SICN114,SIED-08,Lomera 220 kV,Lomera 60 kV,1,15.830091,99.419611,220,0,0.002506693,0.003838754
TNE-B51,SICN114,SIED-08,Lomera 220 kV,Lomera 60 kV,1,15.830091,99.419611,220,0,0.002506693,0.003838754
TNE-052,SICN-58,SIED-06,Zapallal 220 kV,Huarangal 60 kV,1,0.686892,29.594007,220,0,0.018353179,0.02320046
TNE-A53,SICN055,SIED-04,Chillon 220 kV,Chillon 60 kV,1,0.567326,29.787487,220,0,0.010847567,0.013609665
TNE-B53,SICN055,SIED-04,Chillon 220 kV,Chillon 60 kV,1,0.565974,29.787512,220,0,0.010847577,0.013609677
TNE-A54,SICN-13,SIED-01,Chavarria 220 kV,Chavarria 60 kV,1,0.916373,45.890185,220,0,0.008188998,0.01049144
TNE-B54,SICN-13,SIED-01,Chavarria 220 kV,Chavarria 60 kV,1,0.457111,28.794372,220,0,0.01305289,0.016722877
TNE-C54,SICN-13,SIED-01,Chavarria 220 kV,Chavarria 60 kV,1,2.344637,66.864787,220,0,0.005615554,0.007194439
TNE-D54,SICN-13,SIED-01,Chavarria 220 kV,Chavarria 60 kV,1,0.457111,33.661787,220,0,0.011166227,0.014305756
TNE-A01,SICN013,SIED-10,Barsi 220 kV,Barsi 60 kV,1,0.457111,27.691784,220,0,0.011491137,0.013891636
TNE-B01,SICN013,SIED-10,Barsi 220 kV,Barsi 60 kV,1,0.457111,27.691784,220,0,0.011491137,0.013891636
TNE-C01,SICN013,SIED-10,Barsi 220 kV,Barsi 60 kV,1,2.344637,66.864787,220,0,0.004754459,0.005747666
TNE-055,SICN-68,SICN-05,Mirador 220 kV,Mirador 60 kV,1,1.492333,46.762862,220,0,0.003357848,0.004516794
TNE-050,SICN-68,SICN-05,Mirador 220 kV,Mirador 60 kV,1,0.223421,33.664149,220,0,0.00466893,0.006280391
TNE-010,SICN068,SIED-09,Malvinas 220 kV,Mirones 60 kV,1,0.585237,29.14168,220,0,0.012978062,0.015848124
TNE-011,SICN068,SIED-09,Malvinas 220 kV,Mirones 60 kV,1,0.585237,29.14168,220,0,0.012978062,0.015848124
TNE-A03,SICN-49,SICN-50,Santa Rosa 220 kV,Santa Rosa LDS 60 kV,1,1.087319,43.949884,220,0,0.012216996,0.014923144
TNE-B03,SICN-49,SICN-50,Santa Rosa 220 kV,Santa Rosa LDS 60 kV,1,0.993208,45.606188,220,0,0.011774926,0.014383153
TNE-C35,SICN610,SICN150,San Martn 220 kV,Santa Rosa EDN 60 kV,1,0.683919,29.551043,220,0,0.011683223,0.015533097
TNE-D35,SICN610,SICN150,San Martn 220 kV,Santa Rosa EDN 60 kV,1,1.492333,46.318965,220,0,0.00745004,0.009904989
TNE-A04,SICN-02,SICN-03,Balnearios 220 kV,Balnearios 60 kV,1,1.492333,47.045337,220,0,0.010964471,0.014662973
TNE-B04,SICN-02,SICN-03,Balnearios 220 kV,Balnearios 60 kV,1,0.418972,30.345859,220,0,0.017012135,0.022750617
TNE-C04,SICN-02,SICN-03,Balnearios 220 kV,Balnearios 60 kV,1,0.534986,30.344772,220,0,0.0170107,0.022748698
TNE-D04,SICN-02,SICN-03,Balnearios 220 kV,Balnearios 60 kV,1,1.492333,46.883922,220,0,0.011002144,0.014713353
TNE-A67,SICN-48,SILS-09,San Juan 220 kV,San Juan 60 kV,1,0.695884,30.860598,220,0,0.016664476,0.020808182
TNE-B67,SICN-48,SILS-09,San Juan 220 kV,San Juan 60 kV,1,0.662193,31.762319,220,0,0.016192572,0.020218937
TNE-068,SICN148,SILS-10,Pachacutec 220 kV,Pachacutec 60 kV,1,1.613333,23.09505,220,0,0.005214672,0.006703202
TNX-003,SICN-76,SICN-44,Industriales 220 kV,Puente 60 kV,1,0.564252,25.428445,220,0,0.017572194,0.021372354
TNX-002,SICN184,SICN284,Manchay 220 kV,Manchay 60 kV,1,1.094378,44.393514,220,0,0.007106064,0.011134595
TNX-001,SICN146,SICN246,San Miguel 220 kV,San Miguel 60 kV,1,0.410056,25.245338,220,0,0.011153337,0.018159585
TNE-056,SICN-69,SILS-01,Chilca REP 220 kV,Chilca 60 kV,1,1.196892,45.964418,220,0,0.006431931,0.008173441
TNE-057,SICN117,SILS-03,Alto Praderas 220 kV,Praderas 60 kV,1,0.388632,25.34652,220,0,0.016337263,0.019767681
TNE-058,SICN172,SILS-04,Asia 220 kV,Bujama 60 kV,1,2.3855,67.376137,220,0,0.003409211,0.004480316
TNE-A59,SICN-26,SILS-05,Independencia 220 kV,Independencia 60 kV,1,3.872,90.23136,220,0,0.004520505,0.005369602
TNE-B59,SICN-26,SILS-05,Independencia 220 kV,Independencia 60 kV,1,3.872,91.587792,220,0,0.004453796,0.005290363
TNE-060,SICN115,SILS-06,Chincha 220 kV,Pueblo Nuevo 60 kV,1,1.305237,48.422746,220,0,0.008140311,0.009775491
TNE-A61,SICN-29,SILS-07,Marcona 220 kV,Marcona 60 kV,1,2.219947,94.83802,220,0,0.006408071,0.006753025
TNE-B61,SICN-29,SILS-07,Marcona 220 kV,Marcona 60 kV,1,1.816398,92.845703,220,0,0.006546658,0.006899073
TNE-062,SICN116,SILS-08,Nazca 220 kV,Nazca 60 kV,1,3.151579,113.131442,220,0,0.004253355,0.004992769
TNE-162,SILS-20,SILS-21,El Angel 220 kV,El Angel 60 kV,1,0,50.416667,220,0,0.002526263,0.003000777
TNE-002,SICN-06,SICN-07,Callahuanca 220 kV,Callahuanca 60 kV,1,1.266104,67.178659,220,0,0.002060186,0.004641428
TEC-001,SICN-28,SIEC-01,Mantaro 220 kV,Cobriza 69 kV,1,3.40736,120.177306,220,0,0.001979349,0.002486078
TEC-002,SIEC-05,SIEC-04,Mollepata 220 kV,Mollepata 69 kV,1,3.82147,106.217674,220,0,0.004337681,0.005810152
TEC-012,SIEC-10,SIEC310,Caudalosa 220 kV,Chiribamba 60 kV,1,12.024637,294.710084,220,0,0.000208438,0.000290644
TEC-A03,SICN-24,SIEC-06,Huayucachi 220 kV,Huayucachi 60 kV,1,5.16912,191.594275,220,0,0.000288198,0.000348614
TEC-B03,SICN-24,SIEC-06,Huayucachi 220 kV,Huayucachi 60 kV,1,6.660916,198.32818,220,0,0.000278301,0.000336642
TEC-004,SICN111,SIEC-09,Orcotuna 220 kV,Orcotuna 60 kV,1,3.155487,106.433234,220,0,0.001668319,0.003428904
TNE-604,SICN607,SICN608,San Mateo 220 kV,San Mateo 50 kV,1,2.38128,119.717919,220,0,0.256927355,0.525422122
TNE-605,SICN606,SICN609,Palian 220 kV,Palian 60 kV,1,0.336111,50.415546,220,0,0.562364884,0.703621281
TNE-006,SICN-34,SICN-35,Oroya 220 kV,Oroya 50 kV,1,1.02608,60.249262,220,0,0.00225252,0.005009636
TNE-020,SICN-09,SICN-08,Carhuamayo 220 kV,Carhuamayo 138 kV,1,0.849689,58.396487,220,0,0.292921299,0.372868223
TNE-012,SICN-61,SICN-57,Yuncan 220 kV,Yuncan 138 kV,1,0.644661,44.92671,220,0,0.904879639,0.924384404
TNE-017,SICN-39,SICN-38,Paragsha 220 kV,Paragsha 138 kV,1,0.803306,64.72195,220,0,0.372544286,0.476721718
TNE-046,SICN212,SICN121,Huanuco 220 kV,Huanuco Nueva 138 kV,1,0.350673,60.063376,220,0,0.350367803,0.586892381
TNE-A05,SICN-53,SICN-52,Tingo Maria 220 kV,Tingo Maria 138 kV,1,3.40736,140.80278,220,0,0.365833464,0.73384022
TNE-B05,SICN-53,SICN-52,Tingo Maria 220 kV,Tingo Maria 138 kV,1,2.641614,133.945156,220,0,0.384638737,0.771562481
TNE-A16,SICN-01,SICN-97,Aguaytia 220 kV,Aguaytia (neutro) kV,1,0.04719,103.417762,220,0,0.36497581,0.415720563
TNE-B16,SICN-01,SICN-97,Aguaytia 220 kV,Aguaytia (neutro) kV,1,0.968,103.659226,220,0,0.364093961,0.414716104
TNE-A27,SICN-59,SICN-97,Aguaytia 138 kV,Aguaytia (neutro) kV,1,1.050753,1.855853,138,0,0.275806626,0.313481036
TNE-B27,SICN-59,SICN-97,Aguaytia 138 kV,Aguaytia (neutro) kV,1,0.38088,1.833506,138,0,0.353408669,0.4016833
TNE-044,SICN122,SICN-60,Pucallpa 220 kV,Pucallpa 138 kV,1,0.904298,50.652612,220,0,0.479802923,0.543832349
TNE-034,SICN110,SICN195,Moyobamba 220 kV,Belaunde Terry 138 kV,1,0,48.496802,220,0,0.257291081,0.355354409
TNE-069,SICN143,SICN294,Tarapoto 220 kV,Tarapoto Norte 138 kV,1,0,40.414002,220,0,0.725792422,0.814230739
TNE-070,SICN-101,SICN-102,Bagua 220 kV,Jaen Norte 60 kV,1,1.075556,53.229134,220,0,0.217515023,0.334142388
TSE-A03,SIS-24,SIS-23,Socabaya 220 kV,Socabaya 138 kV,1,0.591556,30.421717,220,0,0.573478871,1.041283092
TSE-B03,SIS-24,SIS-23,Socabaya 220 kV,Socabaya 138 kV,1,0.591556,30.421717,220,0,0.573478871,1.041283092
TSE-A02,SIS-18,SIS-17,Moquegua 220 kV,Moquegua 138 kV,1,0.198498,21.843631,220,0,0.449724187,0.48846404
TSE-B02,SIS-18,SIS-17,Moquegua 220 kV,Moquegua 138 kV,1,0.197476,21.875909,220,0,0.449061106,0.48774384
TSE-005,SIS-26,SIS-27,Los Heroes 220 kV,Tacna 66 kV,1,4.088832,148.628565,220,0,0.693792316,0.827049393
TSE-006,SIS-26,SIS-27,Los Heroes 220 kV,Tacna 66 kV,1,2.566007,121.860317,220,0,0.705381815,0.840864893
TNE-602,SIS-86,SIS-87,La Garita 220 kV,La Garita 60 kV,1,0.05,3.998687,60,0,0.338531776,0.476886389
TSE-A35,SIS-54,SIS-55,Ilo3 220 kV,Ilo3 138 kV,1,0.407286,24.220776,220,0,0.240003823,0.280646595
TSE-B35,SIS-54,SIS-55,Ilo3 220 kV,Ilo3 138 kV,1,0.407286,24.220776,220,0,0.240003823,0.280646595
TSE-007,SIS-75,SIS-76,La Pascana 220 kV,La Pascana 138 kV,1,0.904298,50.652612,220,0,0.342621036,0.56668815
TSE-004,SIS-20,SIS-19,Puno 220 kV,Puno 138 kV,1,0.803306,49.119433,220,0,0.254978889,0.4272385
TSE-034,SIS-50,SIS-70,Juliaca 220 kV,San Roman 138 kV,1,0.636922,40.231493,220,0,0.210677496,0.313930578
TSE-033,SIS-49,SIS-69,Azangaro 220 kV,Pumiri 138 kV,1,0.641461,40.328232,220,0,0.107545123,0.219144106
TSE-050,SIS-133,SIS-33,Reparticion 220 kV,Reparticion 138 kV,1,0.904298,50.652612,220,0,0.485807589,1.385048065
TSE-030,SIS-42,SIS-28,Tintaya 220 kV,Tintaya 138 kV,1,0.758912,35.304484,220,0,0.218940115,0.441463422
TSE-032,SIS-45,SIS-53,Kayra 220 kV,Kayra 138 kV,1,0.592093,56.947587,220,0,0.414830082,0.689104675
TNE-021,SIS-44,SIS-47,Suriray 220 kV,Suriray 138 kV,1,0.473732,27.060596,220,0,0.45988336,0.459952911
TSE-031,SIS-36,SIS-46,Abancay 220 kV,Abancay 138 kV,1,0.904298,50.652612,220,0,0.752689991,1.159292477
TSE-111,SIS-89,SIS-88,Nueva San Gaban 220 kV,Nueva San Gaban 138 kV,1,0,57.055061,220,0,0.285323422,0.694316257
TNE-609,SIS-90,SIS-92,Nuevo Puerto Maldonado 220 kV,Nuevo Puerto Maldonado 138 kV,1,0,57.055061,220,0,0.420011718,0.48831105
LNE-398,SICN-106,SICN-107,Espina Colorada 138 kV,Pizarras 138 kV,14.73,0.157,0.557,138,0,0.465981074,0.618021048
LNE-198,SICN-87,SICN-106,Carhuaquero 138 kV,Espina Colorada 138 kV,25.6,0.1432,0.5098,138,0,0.189934189,0.294880276
LNEA298,SICN-106,SICN-105,Espina Colorada 138 kV,Duna 138 kV,14.1,0.1431,0.5098,138,0,0.111086718,0.190362654
LNEB298,SICN-105,SICN-88,Duna 138 kV,Cutervo 138 kV,23.7,0.1431,0.5098,138,0,0.050963108,0.061527209
LNE-082,SICN-63,SICN-62,Chimbote 138 kV,Huallanca 138 kV,83.97,0.1214,0.48,138,0,0.473579616,0.634171507
LNE-083,SICN-63,SICN-62,Chimbote 138 kV,Huallanca 138 kV,83.97,0.1213,0.48,138,0,0.473626508,0.634234299
LNE-084,SICN-63,SICN-62,Chimbote 138 kV,Huallanca 138 kV,83.97,0.1206,0.48,138,0,0.473953926,0.634672746
LNE-134,SICN-62,SICN179,Huallanca 138 kV,Kiman Ayllu 138 kV,6.9,0.1576,0.4678,138,0,0.311762645,0.575857825
LNX-165,SICN-62,SICN162,Huallanca 138 kV,Huaraz Oeste 138 kV,86.19,0.0904,0.489,138,0,0.149046419,0.371318663
LNX-166,SICN162,SICN164,Huaraz Oeste 138 kV,Huaylas 138 kV,17.27,0.131,0.507,138,0,0.139109991,0.346564086
LNC-001,SICN-71,SICN-70,SEPAEX 138 kV,SEPANU 138 kV,9.43,0.2636,0.52,138,0,0.179159469,0.450374302
LNE-100,SICN-57,SICN-96,Yuncan 138 kV,Yaupi 138 kV,14.03,0.0992,0.4906,138,0,0.61696339,0.630262094
LNE-067,SICN-08,SICN-12,Carhuamayo 138 kV,Caripa 138 kV,53.49,0.1574,0.4886,138,0,0.276286616,0.603421742
LNE-068,SICN-12,SICN-33,Caripa 138 kV,Oroya 138 kV,20.47,0.1574,0.4886,138,0,0.114591172,0.265881152
LNE-092,SICN-12,SICN-66,Caripa 138 kV,Condorcocha 138 kV,12,0.1445,0.4886,138,0,0.272150166,0.351749717
LNX-160,SICN196,SICN-12,La Virgen 138 kV,Caripa 138 kV,62.5,0.0694,0.4936,138,0,0.32782582,0.53649372
LNX-161,SICN385,SICN196,Campas 138 kV,La Virgen 138 kV,10.63,0.0694,0.4936,138,0,0.32211994,0.557745292
LNE-543,SICN385,SICN603,Campas 138 kV,Yurinaki 138 kV,46.7,0.1436,0.4864,138,0,0.061079987,0.077048203
LNE-544,SICN385,SICN603,Campas 138 kV,Yurinaki 138 kV,46.7,0.1436,0.4864,138,0,0.061079987,0.077048203
LNE-066,SICN-08,SICN-38,Carhuamayo 138 kV,Paragsha 138 kV,61.14,0.16158,0.49755,138,0,0.155797742,0.320003368
LNE-069,SICN-38,SICN125,Paragsha 138 kV,Amarilis 138 kV,92.68,0.138,0.508,138,0,0.246648597,0.617045387
LNE-a64,SICN126,SICN-52,Piedra Blanca 138 kV,Tingo Maria 138 kV,27.84,0.1656,0.5034,138,0,0.454708478,1.22613561
LNE-c64,SICN125,SICN126,Amarilis 138 kV,Piedra Blanca 138 kV,56.06,0.1656,0.5034,138,0,0.57091217,1.225525319
LNE-d64,SICN125,SICN-23,Amarilis 138 kV,Huanuco 138 kV,6.15,0.164687,0.478178,138,0,0.562087068,0.708430874
LNE-087,SICN125,SICN121,Amarilis 138 kV,Huanuco Nueva 138 kV,0.19,0.071279,0.521452,138,0,0.233578536,0.391261588
LNE-101,SICN-52,SICN-91,Tingo Maria 138 kV,Aucayacu 138 kV,44.2,0.1389,0.5183,138,0,0.504192659,0.57681445
LNE-102,SICN-91,SICN-92,Aucayacu 138 kV,Tocache 138 kV,107.76,0.1348,0.51,138,0,0.24719153,0.309125364
LNE-119,SICN-93,SICN194,Bellavista 138 kV,Picota 138 kV,34,0.139,0.51,138,0,0.530434448,0.599705423
LNEa191,SICN194,SICN294,Picota 138 kV,Tarapoto Norte 138 kV,53.2,0.143207,0.503341,138,0,0.705331902,0.785443322
LNEb191,SICN294,SICN-94,Tarapoto Norte 138 kV,Tarapoto 138 kV,22.4,0.143489,0.510929,138,0,0.387802534,0.4386173
LNEb105,SICN195,SICN-95,Belaunde Terry 138 kV,Moyobamba 138 kV,8.35,0.0998,0.5094,138,0,0.571757957,0.789676466
LNE-205,SICN294,SICN-94,Tarapoto Norte 138 kV,Tarapoto 138 kV,10.2,0.1423,0.4993,138,0,0.869583031,0.983526738
LNE-a94,SICN-59,SICN160,Aguaytia 138 kV,Campo Verde 138 kV,102.86,0.1116,0.4914,138,0,0.289211322,0.328864859
LNE-b94,SICN160,SICN-60,Campo Verde 138 kV,Pucallpa 138 kV,27.66,0.1116,0.4914,138,0,0.103625943,0.116277289
LNE-138,SICN-59,SICN-60,Aguaytia 138 kV,Pucallpa 138 kV,132.7,0.146,0.663,138,0,0.18270015,0.207508394
LSE-28A,SIS-17,SIS-06,Moquegua 138 kV,Botiflaca 138 kV,30.76,0.076,0.48,138,0,0.340600099,0.381283732
LSE-28B,SIS-17,SIS-06,Moquegua 138 kV,Botiflaca 138 kV,46.02,0.0724,0.4769,138,0,0.281249662,0.314844069
LSE-A29,SIS-17,SIS-73,Moquegua 138 kV,Intipampa 138 kV,10.76,0.1441,0.5337,138,0,0.483122864,0.543302429
LSE-B29,SIS-73,SIS-30,Intipampa 138 kV,Mill Site 138 kV,27.96,0.1441,0.5337,138,0,0.532658452,0.697502395
LSE-027,SIS-17,SIS-31,Moquegua 138 kV,Toquepala 138 kV,38.7,0.1441,0.5337,138,0,0.485166422,0.540843798
LSE-023,SIS-17,SIS-25,Moquegua 138 kV,SPCC 138 kV,56.61,0.0724,0.498,138,0,1.141043677,1.230665228
LSE-030,SIS-30,SIS-06,Mill Site 138 kV,Botiflaca 138 kV,32.04,0.122,0.491,138,0,0.104024407,0.29946057
LSE-024,SIS-31,SIS-30,Toquepala 138 kV,Mill Site 138 kV,0.3,0.1197,0.5057,138,0,0.812754415,0.849741855
LSE-072,SIS-30,SIS-68,Mill Site 138 kV,Plaza Toquepala 138 kV,1.92,0.0609,0.3765,138,0,0.13264571,0.165060838
LSE-079,SIS-30,SIS-68,Mill Site 138 kV,Plaza Toquepala 138 kV,3.03,0.100631,0.471757,138,0,0.197520314,0.245789092
LSE-A18,SIS-68,SIS-55,Plaza Toquepala 138 kV,Ilo3 138 kV,72.84,0.126136,0.490746,138,0,0.318264165,0.405675911
LSE-B18,SIS-55,SIS-07,Ilo3 138 kV,Ilo ELS 138 kV,26,0.1222,0.4902,138,0,0.711795158,0.856894475
LSE-074,SIS-68,SIS-55,Plaza Toquepala 138 kV,Ilo3 138 kV,65.3,0.0396,0.3612,138,0,0.169366124,0.215882792
LSE-019,SIS-07,SIS-25,Ilo ELS 138 kV,SPCC 138 kV,14.33,0.133727,0.507945,138,0,0.419277975,0.543637046
LSE-020,SIS-31,SIS-02,Toquepala 138 kV,Aricota 138 kV,35,0.12,0.506,138,0,0.243880599,0.324469926
LSE-a17,SIS-14,SIS-70,Juliaca 138 kV,San Roman 138 kV,8.27,0.1083,0.4998,138,0,0.392252895,0.639206268
LSE-b17,SIS-70,SIS-19,San Roman 138 kV,Puno 138 kV,30.21,0.111,0.5023,138,0,0.122505682,0.303135463
LSE-071,SIS-05,SIS-69,Azangaro 138 kV,Pumiri 138 kV,3.1,0.0543,0.4595,138,0,0.161317685,0.328716159
LSE-a16,SIS-05,SIS-60,Azangaro 138 kV,Maravilla 138 kV,66.025,0.1366,0.5033,138,0,0.261660093,0.498051089
LSE-b16,SIS-60,SIS-14,Maravilla 138 kV,Juliaca 138 kV,12.025,0.1366,0.5033,138,0,0.232187142,0.397393247
LNX-193,SIS-79,SIS-60,Yocara 138 kV,Maravilla 138 kV,15.78,0.1113,0.4875,138,0,0.045741612,0.123265484
LNX-194,SIS-70,SIS-79,San Roman 138 kV,Yocara 138 kV,17.89,0.1113,0.4875,138,0,0.045741612,0.123265484
LNX-195,SIS-40,SIS-62,San Rafael 138 kV,Ananea 138 kV,104.7,0.11105,0.503514,138,0,0.090735729,0.105987064
LNX-196,SIS-40,SIS-62,San Rafael 138 kV,Ananea 138 kV,104.7,0.11105,0.503514,138,0,0.090735729,0.105987064
LSE-A39,SIS-05,SIS-40,Azangaro 138 kV,San Rafael 138 kV,85.61,0.111,0.5033,138,0,0.196514109,0.304605423
LSE-B39,SIS-40,SIS-37,San Rafael 138 kV,San Gaban 138 kV,75.46,0.111,0.5033,138,0,0.405019337,0.492154966
LSE-040,SIS-05,SIS-40,Azangaro 138 kV,San Rafael 138 kV,89.29,0.111,0.5033,138,0,0.188414972,0.292051409
LSE-A41,SIS-40,SIS-83,San Rafael 138 kV,Angel 138 kV,74.9,0.111,0.5033,138,0,0.386381279,0.469507127
LSE-B41,SIS-83,SIS-37,Angel 138 kV,San Gaban 138 kV,4.2,0.111,0.5033,138,0,0.386381279,0.469507127
LNE-565,SIS-37,SIS-88,San Gaban 138 kV,Nueva San Gaban 138 kV,2.5,0.2684,0.5473,138,0,0.142791958,0.347475076
LNE-566,SIS-37,SIS-88,San Gaban 138 kV,Nueva San Gaban 138 kV,2.5,0.2692,0.5479,138,0,0.142531464,0.346841181
LSE-042,SIS-37,SIS-38,San Gaban 138 kV,Mazuco 138 kV,68.85,0.18,0.49,138,0,0.054165837,0.06389567
LSE-080,SIS-92,SIS-39,Nuevo Puerto Maldonado 138 kV,Puerto Maldonado 138 kV,10,0.1247,0.5218,138,0,0.14875415,0.172943497
LSE-081,SIS-92,SIS-39,Nuevo Puerto Maldonado 138 kV,Puerto Maldonado 138 kV,10,0.1247,0.5218,138,0,0.14875415,0.172943497
LSE-015,SIS-04,SIS-05,Ayaviri 138 kV,Azangaro 138 kV,42.4,0.1366,0.5033,138,0,0.214584347,0.403878669
LSE-014,SIS128,SIS-04,Tintaya 138 kV,Ayaviri 138 kV,82.5,0.136,0.5033,138,0,0.17302608,0.36734804
LSE-214,SIS-28,SIS128,Tintaya 138 kV,Tintaya 138 kV,3.2375,0.0583,0.474503,138,0,0.101093207,0.209853275
LSE-009,SIS128,SIS-11,Tintaya 138 kV,Combapata 138 kV,99.08,0.158,0.508,138,0,0.137330976,0.389227747
LSE-010,SIS-11,SIS-21,Combapata 138 kV,Quencoro 138 kV,87.5,0.158,0.5085,138,0,0.204682554,0.459765563
LSE-011,SIS-21,SIS-12,Quencoro 138 kV,Dolorespata 138 kV,8.34,0.146,0.5199,138,0,0.503914222,0.933527959
LSE-012,SIS-12,SIS-08,Dolorespata 138 kV,Cachimayo 138 kV,13.5,0.157,0.5012,138,0,0.362774656,0.936310546
LSE-033,SIS-53,SIS-21,Kayra 138 kV,Quencoro 138 kV,14.3,0.023,0.3421,138,0,0.414830082,0.689104675
LSE-034,SIS-15,SIS-21,Machupicchu 138 kV,Quencoro 138 kV,99.34,0.146,0.5198,138,0,0.217252309,0.27313121
LSE-035,SIS-15,SIS-08,Machupicchu 138 kV,Cachimayo 138 kV,78.55,0.157,0.5012,138,0,0.424438976,0.469148233
LSE-045,SIS-15,SIS-47,Machupicchu 138 kV,Suriray 138 kV,8,0.028,0.315,138,0,0.413895024,0.41395762
LSE-13a,SIS-08,SIS-46,Cachimayo 138 kV,Abancay 138 kV,90.74,0.137167,0.505569,138,0,0.362152756,0.702707837
LSE-13b,SIS-46,SIS-01,Abancay 138 kV,Tamburco 138 kV,14.33,0.1233,0.4984,138,0,0.402320818,0.464436051
LSE-008,SIS-09,SIS128,Callalli 138 kV,Tintaya 138 kV,90.4,0.112,0.5103,138,0,0.176414012,0.571743755
LSE-007,SIS-22,SIS-09,Santuario 138 kV,Callalli 138 kV,89.2,0.097,0.5103,138,0,0.253200583,0.484629928
LSE-004,SIS-23,SIS-22,Socabaya 138 kV,Santuario 138 kV,27.5,0.157,0.5278,138,0,0.235588175,0.520397164
LSE-005,SIS-23,SIS-22,Socabaya 138 kV,Santuario 138 kV,28.16,0.157,0.5278,138,0,0.230066577,0.508200356
LSE-A36,SIS-23,SIS-77,Socabaya 138 kV,Intermedia Norte 138 kV,19.31,0.133242,0.475076,138,0,0.099029053,0.234666752
LSE-B36,SIS-77,SIS-22,Intermedia Norte 138 kV,Santuario 138 kV,24.45,0.135676,0.472515,138,0,0.325896467,0.599777314
LNX-158,SIS-76,SIS-77,La Pascana 138 kV,Intermedia Norte 138 kV,13.03,0.125533,0.483975,138,0,0.171310518,0.283344075
LNX-159,SIS-76,SIS-77,La Pascana 138 kV,Intermedia Norte 138 kV,13.03,0.125533,0.483975,138,0,0.171310518,0.283344075
LSE-001,SIS-23,SIS-10,Socabaya 138 kV,Cerro Verde 138 kV,10.8,0.157,0.5278,138,0,0.079537934,0.082814001
LSE-002,SIS-23,SIS-10,Socabaya 138 kV,Cerro Verde 138 kV,10.8,0.157,0.5278,138,0,0.079537934,0.082814001
LSE-032,SIS-33,SIS-16,Reparticion 138 kV,Mollendo 138 kV,64,0.14,0.44,138,0,0.058591916,0.079119227
LNX-052,SIS-33,SIS-16,Reparticion 138 kV,Mollendo 138 kV,69.5,0.131321,0.506677,138,0,0.05117091,0.069098318
TNE-A07,SICN-33,SICN-35,Oroya 138 kV,Oroya 50 kV,1,2.356454,50.729299,138,0,0.000769327,0.001785039
TNE-B07,SICN-33,SICN-35,Oroya 138 kV,Oroya 50 kV,1,2.356454,50.729299,138,0,0.000769327,0.001785039
TNE-008,SICN-08,SICN-10,Carhuamayo 138 kV,Carhuamayo 50 kV,1,2.356454,33.561777,138,0,0.001094183,0.001792985
TSE-047,SICN185,SICN387,Yanango Nueva 220 kV,Campas 138 kV,1,0.922815,39.09631,220,0,0.398764662,0.399625571
TSE-035,SICN185,SICN385,Yanango Nueva 220 kV,Campas 138 kV,1,0.636922,40.231493,220,0,0.25076133,0.501207019
TNE-A09,SICN-38,SICN-40,Paragsha 138 kV,Paragsha 50 kV,1,1.095459,34.80608,138,0,0.001072772,0.001465799
TNE-B09,SICN-38,SICN-40,Paragsha 138 kV,Paragsha 50 kV,1,1.095459,34.80608,138,0,0.001072772,0.001465799
TNE-A18,SICN-60,SICN-64,Pucallpa 138 kV,Pucallpa 60 kV,1,1.163163,36.788475,138,0,0.002717188,0.003076325
TNE-B18,SICN-60,SICN-64,Pucallpa 138 kV,Pucallpa 60 kV,1,1.561293,36.929684,138,0,0.00270467,0.003062152
TNE-611,SICN-60,SICN-64,Pucallpa 138 kV,Pucallpa 60 kV,1,1.407428,40.463075,138,0,0.504013125,0.570629695
TSE-001,SIS-02,SIS-03,Aricota 138 kV,Aricota 66 kV,1,2.24296,24.719128,138,0,0.000875347,0.001482238
TSE-046,SIS-62,SIS-82,Ananea 138 kV,Ananea 60 kV,1,0.722847,38.08114,138,0,0.000770023,0.000834733
